round,ts,n_clients,n_pub,entropy_mean,entropy_min,entropy_max,kl_mean,kl_max,cosine_mean,cosine_min,bytes_logits,bytes_teacher,t_round_ms
1,2026-10-01T17:34:13,1,4,1.06578,1.02975,1.11194,0.15584,0.15584,nan,nan,64,64,14522
2,2026-10-01T17:34:35,1,4,0.89451,0.72810,1.01025,0.14741,0.14741,nan,nan,64,64,13522
3,2026-10-01T17:34:58,1,4,1.12015,1.01529,1.22983,0.15467,0.15467,nan,nan,64,64,14021
4,2026-10-01T17:35:23,1,4,0.96164,0.80877,1.10276,0.15745,0.15745,nan,nan,64,64,14522
5,2026-10-01T17:35:47,1,4,0.97307,0.82551,1.07131,0.15024,0.15024,nan,nan,64,64,14522
6,2026-10-01T17:36:10,1,4,1.02832,0.89203,1.10057,0.17228,0.17228,nan,nan,64,64,13518
7,2026-10-01T17:36:33,1,4,1.09296,0.93173,1.18588,0.15061,0.15061,nan,nan,64,64,14019
8,2026-10-01T17:36:57,1,4,1.09893,1.04020,1.18489,0.16241,0.16241,nan,nan,64,64,14020
9,2026-10-01T17:37:22,1,4,1.02879,0.96459,1.08456,0.15463,0.15463,nan,nan,64,64,14520
10,2026-10-01T17:37:46,1,4,0.99517,0.72532,1.10433,0.14551,0.14551,nan,nan,64,64,14519
11,2026-10-01T17:38:09,1,4,0.94685,0.68904,1.14429,0.15015,0.15015,nan,nan,64,64,13522
12,2026-10-01T17:38:31,1,4,1.02994,0.90818,1.11328,0.14704,0.14704,nan,nan,64,64,13519
13,2026-10-01T17:38:55,1,4,0.98754,0.56740,1.19412,0.13119,0.13119,nan,nan,64,64,14018
14,2026-10-01T17:39:20,1,4,1.07237,1.00355,1.10614,0.16044,0.16044,nan,nan,64,64,14519
15,2026-10-01T17:39:44,1,4,1.04987,0.87026,1.20757,0.13117,0.13117,nan,nan,64,64,14520
1,2026-10-01T17:43:21,1,4,1.03990,0.97809,1.16290,0.15587,0.15587,nan,nan,64,64,17522
2,2026-10-01T17:43:44,1,4,0.95006,0.90415,1.00615,0.14916,0.14916,nan,nan,64,64,17524
3,2026-10-01T17:44:08,1,4,1.12473,1.06452,1.19254,0.13664,0.13664,nan,nan,64,64,19023
4,2026-10-01T17:44:32,1,4,1.12875,1.08408,1.16388,0.15012,0.15012,nan,nan,64,64,19526
5,2026-10-01T17:44:57,1,4,1.01481,0.79409,1.10672,0.14190,0.14190,nan,nan,64,64,20028
6,2026-10-01T17:45:20,1,4,0.92692,0.75238,1.05428,0.14393,0.14393,nan,nan,64,64,17523
7,2026-10-01T17:45:42,1,4,0.98667,0.74587,1.09837,0.11349,0.11349,nan,nan,64,64,17522
8,2026-10-01T17:46:07,1,4,0.97550,0.89461,1.07200,0.15231,0.15231,nan,nan,64,64,19025
9,2026-10-01T17:46:31,1,4,1.01041,0.91372,1.11461,0.14712,0.14712,nan,nan,64,64,19525
10,2026-10-01T17:46:55,1,4,1.03018,0.86907,1.18596,0.16539,0.16539,nan,nan,64,64,18525
11,2026-10-01T17:47:18,1,4,0.95325,0.87077,1.00112,0.15566,0.15566,nan,nan,64,64,18524
12,2026-10-01T17:47:42,1,4,1.00203,0.92732,1.12173,0.17250,0.17250,nan,nan,64,64,18525
13,2026-10-01T17:48:06,1,4,1.06216,0.91848,1.15605,0.16750,0.16750,nan,nan,64,64,19024
14,2026-10-01T17:48:30,1,4,1.02035,0.82861,1.15567,0.15083,0.15083,nan,nan,64,64,19527
15,2026-10-01T17:48:54,1,4,0.95900,0.79592,1.05972,0.16672,0.16672,nan,nan,64,64,19025
16,2026-10-01T17:49:17,1,4,0.96784,0.87980,1.01754,0.15856,0.15856,nan,nan,64,64,17523
17,2026-10-01T17:49:41,1,4,0.98601,0.67329,1.11971,0.15431,0.15431,nan,nan,64,64,19024
18,2026-10-01T17:50:05,1,4,1.00132,0.93472,1.04595,0.15793,0.15793,nan,nan,64,64,19027
19,2026-10-01T17:50:29,1,4,1.05397,0.94757,1.16529,0.15747,0.15747,nan,nan,64,64,19522
20,2026-10-01T17:50:53,1,4,1.09274,0.97006,1.23260,0.15080,0.15080,nan,nan,64,64,19024
21,2026-10-01T17:51:16,1,4,1.07424,0.85197,1.27121,0.12985,0.12985,nan,nan,64,64,17524
22,2026-10-01T17:51:40,1,4,1.05571,0.84128,1.23612,0.13478,0.13478,nan,nan,64,64,19023
23,2026-10-01T17:52:04,1,4,0.90182,0.79869,1.00983,0.16923,0.16923,nan,nan,64,64,19038
24,2026-10-01T17:52:29,1,4,0.94595,0.83792,1.10447,0.16218,0.16218,nan,nan,64,64,19537
25,2026-10-01T17:52:52,1,4,1.03732,0.98666,1.08230,0.15958,0.15958,nan,nan,64,64,18537
26,2026-10-01T17:53:15,1,4,0.95456,0.57215,1.13036,0.13585,0.13585,nan,nan,64,64,17524
27,2026-10-01T17:53:38,1,4,1.06164,1.00469,1.11105,0.15004,0.15004,nan,nan,64,64,18543
28,2026-10-01T17:54:02,1,4,1.11226,1.06083,1.19181,0.16205,0.16205,nan,nan,64,64,19054
29,2026-10-01T17:54:27,1,4,0.98818,0.92386,1.05482,0.16308,0.16308,nan,nan,64,64,19528
30,2026-10-01T17:54:50,1,4,0.98446,0.69332,1.11449,0.16505,0.16505,nan,nan,64,64,18529
31,2026-10-01T17:55:13,1,4,1.00113,0.88892,1.13894,0.16955,0.16955,nan,nan,64,64,17529
32,2026-10-01T17:55:35,1,4,0.96176,0.81042,1.07069,0.16384,0.16384,nan,nan,64,64,17522
33,2026-10-01T17:55:59,1,4,1.05650,0.99188,1.13231,0.15357,0.15357,nan,nan,64,64,19026
34,2026-10-01T17:56:24,1,4,1.11174,0.92618,1.24653,0.13966,0.13966,nan,nan,64,64,19523
35,2026-10-01T18:00:44,1,4,1.05971,0.93649,1.16559,0.15510,0.15510,nan,nan,64,64,254773
1,2026-10-01T18:54:03,1,80,1.02490,0.56429,1.25910,0.14360,0.14360,nan,nan,1280,1280,20529
2,2026-10-01T18:54:29,1,80,1.18966,0.84442,1.36792,0.10539,0.10539,nan,nan,1280,1280,20534
3,2026-10-01T18:54:55,1,80,0.91810,0.42261,1.26411,0.13856,0.13856,nan,nan,1280,1280,20537
4,2026-10-01T18:55:22,1,80,1.07133,0.73292,1.31415,0.13419,0.13419,nan,nan,1280,1280,22031
5,2026-10-01T18:55:48,1,80,1.11212,0.82726,1.29123,0.12576,0.12576,nan,nan,1280,1280,21535
6,2026-10-01T18:56:13,1,80,1.15961,0.76162,1.35839,0.10695,0.10695,nan,nan,1280,1280,20032
7,2026-10-01T18:56:39,1,80,1.09493,0.72382,1.29220,0.14327,0.14327,nan,nan,1280,1280,20554
8,2026-10-01T18:57:04,1,80,1.09140,0.69242,1.37728,0.09519,0.09519,nan,nan,1280,1280,20529
9,2026-10-01T18:57:30,1,80,1.19944,0.87734,1.35299,0.09983,0.09983,nan,nan,1280,1280,21027
10,2026-10-01T18:57:57,1,80,1.15384,0.91946,1.34533,0.11357,0.11357,nan,nan,1280,1280,21528
11,2026-10-01T18:58:22,1,80,1.08036,0.56338,1.35358,0.13139,0.13139,nan,nan,1280,1280,20028
12,2026-10-01T18:58:47,1,80,1.04068,0.51097,1.30497,0.14256,0.14256,nan,nan,1280,1280,20528
13,2026-10-01T18:59:13,1,80,1.02388,0.78208,1.30900,0.14240,0.14240,nan,nan,1280,1280,20531
14,2026-10-01T18:59:39,1,80,0.93151,0.56729,1.29190,0.14657,0.14657,nan,nan,1280,1280,21030
15,2026-10-01T19:00:05,1,80,1.04421,0.63049,1.34051,0.12709,0.12709,nan,nan,1280,1280,21054
16,2026-10-01T19:00:30,1,80,1.06525,0.52567,1.30116,0.14310,0.14310,nan,nan,1280,1280,20037
17,2026-10-01T19:00:55,1,80,1.09966,0.68307,1.35212,0.13103,0.13103,nan,nan,1280,1280,20056
18,2026-10-01T19:01:21,1,80,1.07980,0.85016,1.30874,0.11691,0.11691,nan,nan,1280,1280,20535
19,2026-10-01T19:01:47,1,80,1.15186,0.74047,1.33861,0.11037,0.11037,nan,nan,1280,1280,21038
20,2026-10-01T19:02:13,1,80,1.11154,0.70842,1.36644,0.11522,0.11522,nan,nan,1280,1280,21037
21,2026-10-01T19:02:38,1,80,1.18875,0.82053,1.37352,0.11098,0.11098,nan,nan,1280,1280,20052
22,2026-10-01T19:03:03,1,80,1.10149,0.49233,1.35241,0.13281,0.13281,nan,nan,1280,1280,20527
