round,ts,client,acc_local,acc_kd,acc_ft,f1_local,f1_kd,f1_ft,loss_local,loss_kd,loss_ft,t_local_ms,t_kd_ms,t_ft_ms,heap_free,delta_acc_kd,delta_acc_ft
1,2026-10-01T17:43:21,FedKD-ESP32-1,1.0000,1.0000,1.0000,1.0000,1.0000,1.0000,0.01124,0.01837,0.01015,11147,247,1910,234976,0.0000,0.0000
2,2026-10-01T17:43:44,FedKD-ESP32-1,0.9698,0.9698,0.9849,0.9717,0.9717,0.9860,0.02133,0.01746,0.01889,11351,356,1965,234940,0.0000,0.0151
3,2026-10-01T17:44:08,FedKD-ESP32-1,1.0000,1.0000,1.0000,1.0000,1.0000,1.0000,0.01573,0.01681,0.01400,11679,425,1999,234892,0.0000,0.0000
4,2026-10-01T17:44:32,FedKD-ESP32-1,1.0000,1.0000,1.0000,1.0000,1.0000,1.0000,0.01365,0.01947,0.01244,11883,533,2054,234852,0.0000,0.0000
5,2026-10-01T17:44:57,FedKD-ESP32-1,1.0000,1.0000,1.0000,1.0000,1.0000,1.0000,0.00543,0.01716,0.00500,12212,179,1876,234824,0.0000,0.0000
6,2026-10-01T17:45:20,FedKD-ESP32-1,1.0000,1.0000,1.0000,1.0000,1.0000,1.0000,0.00618,0.01543,0.00568,11148,248,1911,234788,0.0000,0.0000
7,2026-10-01T17:45:42,FedKD-ESP32-1,0.9950,0.9950,0.9950,0.9953,0.9953,0.9953,0.02637,0.01127,0.02367,11351,356,1964,234756,0.0000,0.0000
8,2026-10-01T17:46:07,FedKD-ESP32-1,0.9950,0.9950,0.9950,0.9954,0.9954,0.9954,0.00583,0.01761,0.00538,11678,425,1999,234736,0.0000,0.0000
9,2026-10-01T17:46:31,FedKD-ESP32-1,1.0000,1.0000,1.0000,1.0000,1.0000,1.0000,0.01246,0.01773,0.01133,11884,534,2053,234704,0.0000,0.0000
10,2026-10-01T17:46:55,FedKD-ESP32-1,1.0000,1.0000,1.0000,1.0000,1.0000,1.0000,0.00538,0.02099,0.00498,12211,179,1876,234672,0.0000,0.0000
11,2026-10-01T17:47:18,FedKD-ESP32-1,1.0000,1.0000,1.0000,1.0000,1.0000,1.0000,0.00693,0.01912,0.00644,11151,248,1911,234640,0.0000,0.0000
12,2026-10-01T17:47:42,FedKD-ESP32-1,0.9950,0.9950,1.0000,0.9954,0.9954,1.0000,0.00703,0.02061,0.00626,11352,356,1966,234608,0.0000,0.0050
13,2026-10-01T17:48:06,FedKD-ESP32-1,1.0000,1.0000,1.0000,1.0000,1.0000,1.0000,0.00764,0.02099,0.00692,11679,424,2000,234576,0.0000,0.0000
14,2026-10-01T17:48:30,FedKD-ESP32-1,1.0000,1.0000,1.0000,1.0000,1.0000,1.0000,0.00949,0.01791,0.00867,11881,532,2054,234556,0.0000,0.0000
15,2026-10-01T17:48:54,FedKD-ESP32-1,1.0000,1.0000,1.0000,1.0000,1.0000,1.0000,0.00481,0.01918,0.00448,12210,179,1876,234512,0.0000,0.0000
16,2026-10-01T17:49:17,FedKD-ESP32-1,0.9899,0.9899,0.9899,0.9907,0.9907,0.9907,0.00800,0.01900,0.00734,11147,247,1910,234480,0.0000,0.0000
17,2026-10-01T17:49:41,FedKD-ESP32-1,1.0000,1.0000,1.0000,1.0000,1.0000,1.0000,0.01077,0.01827,0.00981,11351,356,1965,234448,0.0000,0.0000
18,2026-10-01T17:50:05,FedKD-ESP32-1,1.0000,1.0000,1.0000,1.0000,1.0000,1.0000,0.00887,0.01951,0.00792,11679,425,1999,234416,0.0000,0.0000
19,2026-10-01T17:50:29,FedKD-ESP32-1,1.0000,1.0000,1.0000,1.0000,1.0000,1.0000,0.00801,0.02007,0.00737,11885,533,2053,234384,0.0000,0.0000
20,2026-10-01T17:50:53,FedKD-ESP32-1,0.9950,0.9950,0.9950,0.9953,0.9953,0.9953,0.00893,0.01871,0.00819,12211,179,1876,234352,0.0000,0.0000
21,2026-10-01T17:51:16,FedKD-ESP32-1,1.0000,1.0000,1.0000,1.0000,1.0000,1.0000,0.02095,0.01412,0.01890,11149,247,1912,234308,0.0000,0.0000
22,2026-10-01T17:51:40,FedKD-ESP32-1,0.9899,0.9899,0.9899,0.9907,0.9907,0.9907,0.02219,0.01587,0.01972,11352,355,1965,234276,0.0000,0.0000
23,2026-10-01T17:52:04,FedKD-ESP32-1,1.0000,1.0000,1.0000,1.0000,1.0000,1.0000,0.00487,0.01790,0.00446,11678,425,1999,234244,0.0000,0.0000
24,2026-10-01T17:52:29,FedKD-ESP32-1,1.0000,1.0000,1.0000,1.0000,1.0000,1.0000,0.00858,0.01877,0.00753,11882,533,2054,234212,0.0000,0.0000
25,2026-10-01T17:52:52,FedKD-ESP32-1,0.9950,0.9950,0.9950,0.9953,0.9953,0.9953,0.01249,0.01942,0.01146,12212,180,1877,234180,0.0000,0.0000
26,2026-10-01T17:53:15,FedKD-ESP32-1,1.0000,0.9950,1.0000,1.0000,0.9953,1.0000,0.01024,0.01464,0.00916,11145,247,1910,234148,-0.0050,0.0000
27,2026-10-01T17:53:38,FedKD-ESP32-1,1.0000,1.0000,1.0000,1.0000,1.0000,1.0000,0.01390,0.01879,0.01278,11353,356,1965,234116,0.0000,0.0000
28,2026-10-01T17:54:02,FedKD-ESP32-1,0.9950,0.9950,0.9950,0.9953,0.9953,0.9953,0.01012,0.02198,0.00926,11677,425,1998,234084,0.0000,0.0000
29,2026-10-01T17:54:27,FedKD-ESP32-1,1.0000,1.0000,1.0000,1.0000,1.0000,1.0000,0.00681,0.01989,0.00625,11881,533,2053,234052,0.0000,0.0000
30,2026-10-01T17:54:50,FedKD-ESP32-1,1.0000,1.0000,1.0000,1.0000,1.0000,1.0000,0.00653,0.01947,0.00577,12209,179,1876,234020,0.0000,0.0000
31,2026-10-01T17:55:13,FedKD-ESP32-1,1.0000,1.0000,1.0000,1.0000,1.0000,1.0000,0.00552,0.01979,0.00504,11146,247,1911,233988,0.0000,0.0000
32,2026-10-01T17:55:35,FedKD-ESP32-1,1.0000,1.0000,1.0000,1.0000,1.0000,1.0000,0.00835,0.01917,0.00766,11350,356,1965,233956,0.0000,0.0000
33,2026-10-01T17:55:59,FedKD-ESP32-1,1.0000,1.0000,1.0000,1.0000,1.0000,1.0000,0.00717,0.01882,0.00662,11679,425,1999,233924,0.0000,0.0000
34,2026-10-01T17:56:24,FedKD-ESP32-1,0.9950,0.9950,0.9950,0.9954,0.9954,0.9954,0.01436,0.01756,0.01294,11882,532,2054,233892,0.0000,0.0000
1,2026-10-01T18:54:03,FedKD-ESP32-1,0.9375,0.9375,0.9375,0.7333,0.7333,0.7333,0.03001,0.01107,0.03017,12227,1651,2023,234904,0.0000,0.0000
2,2026-10-01T18:54:29,FedKD-ESP32-1,0.9087,0.9135,0.9231,0.6516,0.6749,0.7184,0.02944,0.01090,0.02673,12014,1718,2054,234844,0.0048,0.0144
3,2026-10-01T18:54:55,FedKD-ESP32-1,0.9375,0.9375,0.9375,0.7333,0.7333,0.7333,0.03198,0.01273,0.03218,12219,1826,2109,234808,0.0000,0.0000
4,2026-10-01T18:55:22,FedKD-ESP32-1,0.9760,0.9760,0.9760,0.9338,0.9338,0.9338,0.01723,0.01350,0.01707,12540,1894,2142,234776,0.0000,0.0000
5,2026-10-01T18:55:48,FedKD-ESP32-1,0.9712,0.9808,0.9712,0.9170,0.9492,0.9170,0.01860,0.01248,0.01833,12745,1516,1954,234748,0.0096,0.0000
6,2026-10-01T18:56:13,FedKD-ESP32-1,0.9231,0.9231,0.9231,0.6508,0.6508,0.6470,0.03151,0.01069,0.03040,11609,1625,2007,234704,0.0000,0.0000
7,2026-10-01T18:56:39,FedKD-ESP32-1,0.9856,0.9856,0.9856,0.9659,0.9659,0.9659,0.01157,0.01613,0.01129,11941,1692,2042,234660,0.0000,0.0000
8,2026-10-01T18:57:04,FedKD-ESP32-1,0.9279,0.9231,0.9279,0.7098,0.6992,0.7098,0.02952,0.00897,0.02884,12145,1800,2096,234616,-0.0048,0.0000
9,2026-10-01T18:57:30,FedKD-ESP32-1,0.9519,0.9567,0.9567,0.8086,0.8405,0.8405,0.02947,0.01068,0.02788,12465,1868,2130,234580,0.0048,0.0048
10,2026-10-01T18:57:57,FedKD-ESP32-1,0.9760,0.9760,0.9760,0.9338,0.9338,0.9338,0.02249,0.01260,0.02160,12668,1516,1954,234540,0.0000,0.0000
11,2026-10-01T18:58:22,FedKD-ESP32-1,0.9423,0.9471,0.9423,0.7703,0.8024,0.7703,0.02267,0.01098,0.02273,11614,1625,2008,234516,0.0048,0.0000
12,2026-10-01T18:58:47,FedKD-ESP32-1,0.9615,0.9663,0.9663,0.8983,0.9204,0.9145,0.01597,0.01451,0.01544,11939,1692,2041,234496,0.0048,0.0048
13,2026-10-01T18:59:13,FedKD-ESP32-1,0.9904,0.9904,0.9904,0.9780,0.9780,0.9780,0.00824,0.01505,0.00819,12143,1801,2097,234464,0.0000,0.0000
14,2026-10-01T18:59:39,FedKD-ESP32-1,0.8750,0.8750,0.8750,0.4688,0.4688,0.4688,0.05508,0.01168,0.05223,12465,1867,2130,234436,0.0000,0.0000
15,2026-10-01T19:00:05,FedKD-ESP32-1,0.9904,0.9904,0.9904,0.9764,0.9764,0.9764,0.01024,0.01248,0.01020,12666,1516,1953,234404,0.0000,0.0000
16,2026-10-01T19:00:30,FedKD-ESP32-1,0.9375,0.9375,0.9375,0.7333,0.7333,0.7333,0.03039,0.01286,0.03011,11615,1624,2009,234368,0.0000,0.0000
17,2026-10-01T19:00:55,FedKD-ESP32-1,1.0000,1.0000,1.0000,1.0000,1.0000,1.0000,0.01019,0.01400,0.01006,11939,1693,2042,234336,0.0000,0.0000
18,2026-10-01T19:01:21,FedKD-ESP32-1,0.9712,0.9808,0.9712,0.9170,0.9492,0.9170,0.02090,0.01212,0.02042,12143,1800,2096,234304,0.0096,0.0000
19,2026-10-01T19:01:47,FedKD-ESP32-1,0.8894,0.8942,0.8942,0.5828,0.6044,0.6044,0.03925,0.00965,0.03831,12469,1867,2130,234272,0.0048,0.0048
20,2026-10-01T19:02:13,FedKD-ESP32-1,0.9663,0.9760,0.9663,0.8986,0.9338,0.8986,0.01892,0.01080,0.01790,12668,1516,1954,234244,0.0097,0.0000
21,2026-10-01T19:02:38,FedKD-ESP32-1,0.9375,0.9375,0.9375,0.7333,0.7333,0.7333,0.03401,0.01060,0.03288,11615,1625,2009,234208,0.0000,0.0000
22,2026-10-01T19:03:03,FedKD-ESP32-1,0.9519,0.9471,0.9567,0.8307,0.8715,0.8559,0.02029,0.01128,0.01996,11938,1692,2042,234176,-0.0048,0.0048
